"KB","Title","Description","RebootRequired"
"KB2506014","Update for Windows Server 2008 R2 x64 Edition (KB2506014)","An issue has been identified that could allow a user with administrative permissions to load an unsigned driver. This update resolves that issue. You can help protect your system by installing this update from Microsoft. After you install this update, you may have to restart your system.","False"
"KB2506928","Update for Windows Server 2008 R2 x64 Edition (KB2506928)","Install this update to resolve issues in Windows. For a complete listing of the issues that are included in this update, see the associated Microsoft Knowledge Base article for more information. After you install this item, you may have to restart your computer.","False"
"KB2545698","Update for Windows Server 2008 R2 x64 Edition (KB2545698)","Install this update to resolve issues in Windows. For a complete listing of the issues that are included in this update, see the associated Microsoft Knowledge Base article for more information. After you install this item, you may have to restart your computer.","False"
"KB2547666","Update for Windows Server 2008 R2 x64 Edition (KB2547666)","Install this update to resolve issues in Windows. For a complete listing of the issues that are included in this update, see the associated Microsoft Knowledge Base article for more information. After you install this item, you may have to restart your computer.","False"
"KB2552343","Update for Windows Server 2008 R2 x64 Edition (KB2552343)","Install this update to resolve issues in Windows. For a complete listing of the issues that are included in this update, see the associated Microsoft Knowledge Base article for more information. After you install this item, you may have to restart your computer.","False"
"KB2563227","Update for Windows Server 2008 R2 x64 Edition (KB2563227)","Install this update to resolve performance and reliability issues in Windows. By applying this update, you can achieve better performance and responsiveness in various scenarios. For a complete listing of the issues that are included in this update, see the associated Microsoft Knowledge Base article for more information.  After you install this item, you may have to restart your computer.","False"
"KB982671","Microsoft .NET Framework 4 for Windows Server 2008 R2 x64-based Systems (KB982671)","The .NET Framework is Microsoft's comprehensive and consistent programming model for building applications that have visually stunning user experiences, seamless and secure communication, and the ability to model a range of business processes. The .NET Framework 4 works side by side with older Framework versions. Applications that are based on earlier versions of the Framework will continue to run on the version targeted by default.","False"
"KB2598845","Update for Internet Explorer 8 Compatibility View List for Windows Server 2008 R2 x64 Edition (KB2598845)","This Compatibility View List update helps make Web sites that are designed for older browsers look better in Internet Explorer 8. When users install Internet Explorer 8, they will be given a choice about opting-in to a list of sites that should be displayed in Compatibility View. After you install this item, you may have to restart Internet Explorer.","False"
"KB2603229","Update for Windows Server 2008 R2 x64 Edition (KB2603229)","Install this update to resolve issues in Windows. For a complete listing of the issues that are included in this update, see the associated Microsoft Knowledge Base article for more information. After you install this item, you may have to restart your computer.","False"
"KB2607047","Update for Windows Server 2008 R2 x64 Edition (KB2607047)","Install this update to resolve issues in Windows. For a complete listing of the issues that are included in this update, see the associated Microsoft Knowledge Base article for more information. After you install this item, you may have to restart your computer.","False"
"KB2660075","Update for Windows Server 2008 R2 x64 Edition (KB2660075)","Install this update to resolve issues in Windows. For a complete listing of the issues that are included in this update, see the associated Microsoft Knowledge Base article for more information. After you install this item, you may have to restart your computer.","False"
"KB2640148","Update for Windows Server 2008 R2 x64 Edition (KB2640148)","Install this update to resolve issues in Windows. For a complete listing of the issues that are included in this update, see the associated Microsoft Knowledge Base article for more information. After you install this item, you may have to restart your computer.","False"
"KB2608658","Update for Windows Server 2008 R2 x64 Edition (KB2608658)","Install this update to resolve issues in Windows. For a complete listing of the issues that are included in this update, see the associated Microsoft Knowledge Base article for more information. After you install this item, you may have to restart your computer.","False"
"KB977238","Update for Best Practices Analyzer for HYPER-V for Windows Server 2008 R2 x64 Edition (KB977238)","You can use Hyper-V Best Practices Analyzer to scan a server that is running the Hyper-V role, and help identify configurations that do not comply with the best practices of Microsoft for this role.  BPA scans the configuration of the physical computer, the virtual machines, and other resources such as virtual networking and virtual storage. Scan results are displayed as a list of issues that you can sort by severity, and include recommendations for fixing issues and links to instructions. No configuration changes are made by running the scan.","False"
"KB981391","Update for Best Practices Analyzer for Active Directory Rights Management Services for Windows Server 2008 R2 x64 Edition (KB981391)","You can use Active Directory Rights Management Services Best Practices Analyzer to scan a server that is running the AD RMS role and help identify configurations that do not comply with the best practices of Microsoft for this role.  BPA scans the configuration of the physical computer that is hosting the AD RMS role and determines whether HTTPS is being used for the AD RMS cluster URL and whether the Super Users group is enabled.  Scan results are displayed as a list that you can sort by severity, and include recommendations for fixing issues and links to instructions. No configuration changes are made by running the scan.","False"
"KB977236","Update for Best Practices Analyzer for DHCP Server for Windows Server 2008 R2 x64 Edition (KB977236)","You can use DHCP Best Practices Analyzer to scan a server that is running the DHCP role and help identify configurations that do not comply with the best practices from Microsoft for this role. BPA scan will examine the DHCP server configuration and identify potential issues such as incomplete or incorrect configuration of DHCP scopes. Identifying and fixing these issues will help in improving reliability, performance of the DHCP server and avoid potential network issues. Scan results are displayed as a list of issues that you can sort by severity, and include recommendations for fixing issues and links to instructions. No configuration changes are made by running the scan.","False"
"KB981392","Update for Best Practices Analyzer for Application Server for Windows Server 2008 R2 x64 Edition (KB981392)","You can use the Application Server update for Best Practices Analyzer to scan a server that is running the Application Server role. BPA can help you determine whether Application Server was installed correctly on a server. Scan results are displayed as a list of issues that you can sort by severity, and results include recommendations for fixing issues and links to instructions. No configuration changes are made by running the scan.","False"
"KB2719857","Update for Windows Server 2008 R2 x64 Edition (KB2719857)","Install this update to resolve issues in Windows. For a complete listing of the issues that are included in this update, see the associated Microsoft Knowledge Base article for more information. After you install this item, you may have to restart your computer.","False"
"KB2732059","Update for Windows Server 2008 R2 x64 Edition (KB2732059)","Install this update to resolve issues in Windows. For a complete listing of the issues that are included in this update, see the associated Microsoft Knowledge Base article for more information. After you install this item, you may have to restart your computer.","False"
"KB981111","Update for Best Practices Analyzer for File Services for Windows Server 2008 R2 x64 Edition (KB981111)","You can use File Services Best Practices Analyzer to scan a server that is running the File Services role and one or more of following role services: DFS Namespaces, DFS Replication, File Server, File Server Resource Manager, Services for Network File System. BPA can help you identify configurations that do not comply with the best practices of Microsoft. Scan results are displayed as a list of issues that you can sort by severity, and include recommendations for fixing issues and links to instructions. No configuration changes are made by running the scan.","False"
"KB981390","Update for Best Practices Analyzer for Windows Server Update Services for Windows Server 2008 R2 x64 Edition (KB981390)","You can use the Windows Server Update Services (WSUS) update for Best Practices Analyzer to scan a server that is running WSUS. A BPA scan of WSUS can help you determine whether WSUS was properly installed and configured on your server. Scan results are displayed as a list of issues that you can sort by severity, and results include recommendations for fixing issues and links to instructions. No configuration changes are made by running the scan.","False"
"KB977239","Update for Best Practices Analyzer for Network Policy and Access Services for Windows Server 2008 R2 x64 Edition (NPAS) (KB977239)","You can use the Network Policy and Access Services update for Best Practices Analyzer to scan a server that is running one or more of following the role services: Network Policy Server, Health Registration Authority, and Routing and Remote Access Service. BPA can help you identify Network Policy and Access Services configurations that do not comply with best practices of Microsoft for this role. Scan results are displayed as a list of issues that you can sort by severity, and include recommendations for fixing issues and links to instructions. No configuration changes are made by running the scan.","False"
"KB2750841","Update for Windows Server 2008 R2 x64 Edition (KB2750841)","Install this update to resolve issues in Windows. For a complete listing of the issues that are included in this update, see the associated Microsoft Knowledge Base article for more information. After you install this item, you may have to restart your computer.","False"
"KB2763523","Update for Windows Server 2008 R2 x64 Edition (KB2763523)","Install this update to resolve issues in Windows. For a complete listing of the issues that are included in this update, see the associated Microsoft Knowledge Base article for more information. After you install this item, you may have to restart your computer.","False"
"KB2761217","Update for Windows Server 2008 R2 x64 Edition (KB2761217)","Install this update to resolve issues in Windows. For a complete listing of the issues that are included in this update, see the associated Microsoft Knowledge Base article for more information. After you install this item, you may have to restart your computer.","False"
"KB2685811","Update for Kernel-Mode Driver Framework version 1.11 for Windows Server 2008 R2 x64 Edition (KB2685811)","Install this update to resolve issues in Windows. For a complete listing of the issues that are included in this update, see the associated Microsoft Knowledge Base article for more information. After you install this item, you may have to restart your computer.","False"
"KB2685813","Update for User-Mode Driver Framework version 1.11 for Windows Server 2008 R2 x64 Edition (KB2685813)","Install this update to resolve issues in Windows. For a complete listing of the issues that are included in this update, see the associated Microsoft Knowledge Base article for more information. After you install this item, you may have to restart your computer.","False"
"KB2786081","Update for Windows Server 2008 R2 x64 Edition (KB2786081)","Install this update to resolve issues in Windows. For a complete listing of the issues that are included in this update, see the associated Microsoft Knowledge Base article for more information. After you install this item, you may have to restart your computer.","False"
"KB2726535","Update for Windows Server 2008 R2 x64 Edition (KB2726535)","Install this update to resolve issues in Windows. For a complete listing of the issues that are included in this update, see the associated Microsoft Knowledge Base article for more information. After you install this item, you may have to restart your computer.","False"
"KB2791765","Update for Windows Server 2008 R2 x64 Edition (KB2791765)","Install this update to resolve a set of known application compatibility issues with Windows. For a complete listing of the issues that are included in this update, see the associated Microsoft Knowledge Base article for more information. After you install this item, you may have to restart your computer.","False"
"KB2670838","Platform update for Windows Server 2008 R2 x64-Edition (KB2670838)","Install this update to resolve issues in Windows. For a complete listing of the issues that are included in this update, see the associated Microsoft Knowledge Base article for more information. After you install this item, you may have to restart your computer.","False"
"KB2798162","Update for Windows Server 2008 R2 x64 Edition (KB2798162)","Install this update to resolve issues in Windows. For a complete listing of the issues that are included in this update, see the associated Microsoft Knowledge Base article for more information. After you install this item, you may have to restart your computer.","False"
"KB2574819","Update for Windows Server 2008 R2 x64 Edition (KB2574819)","Install this update to resolve issues in Windows. For a complete listing of the issues that are included in this update, see the associated Microsoft Knowledge Base article for more information. After you install this item, you may have to restart your computer.","False"
"KB2592687","Update for Windows Server 2008 R2 x64 Edition (KB2592687)","The Remote Desktop Protocol 8.0 update enables you to use the new Remote Desktop Services features. These features are introduced in Windows 8 and in Windows Server 2012 and are available for computers that are running Windows 7 Service Pack 1 or Windows Server 2008 R2 Service Pack 1. After you install this item, you may have to restart your computer.","False"
"KB2853952","Update for Windows Server 2008 R2 x64 Edition (KB2853952)","Install this update to resolve issues in Windows. For a complete listing of the issues that are included in this update, see the associated Microsoft Knowledge Base article for more information. After you install this item, you may have to restart your computer.","False"
"KB2868116","Update for Windows Server 2008 R2 x64 Edition (KB2868116)","Install this update to resolve issues in Windows. For a complete listing of the issues that are included in this update, see the associated Microsoft Knowledge Base article for more information. After you install this item, you may have to restart your computer.","False"
"KB2834140","Update for Windows Server 2008 R2 x64 Edition (KB2834140)","Install this update to resolve issues in Windows. For a complete listing of the issues that are included in this update, see the associated Microsoft Knowledge Base article for more information. After you install this item, you may have to restart your computer.","False"
"KB2888049","Update for Windows Server 2008 R2 x64 Edition (KB2888049)","Install this update to resolve issues in Windows. For a complete listing of the issues that are included in this update, see the associated Microsoft Knowledge Base article for more information. After you install this item, you may have to restart your computer.","False"
"KB2808679","Update for Windows Server 2008 R2 x64 Edition (KB2808679)","Install this update to resolve issues in Windows. For a complete listing of the issues that are included in this update, see the associated Microsoft Knowledge Base article for more information. After you install this item, you may have to restart your computer.","False"
"KB2862152","Security Update for Windows Server 2008 R2 x64 Edition (KB2862152)","A security issue has been identified in a Microsoft software product that could affect your system. You can help protect your system by installing this update from Microsoft. For a complete listing of the issues that are included in this update, see the associated Microsoft Knowledge Base article. After you install this update, you may have to restart your system.","False"
"KB2893519","Update for Windows Server 2008 R2 x64 Edition (KB2893519)","Install this update to resolve issues in Windows. For a complete listing of the issues that are included in this update, see the associated Microsoft Knowledge Base article for more information. After you install this item, you may have to restart your computer.","False"
"KB2891804","Update for Windows Server 2008 R2 x64 Edition (KB2891804)","Install this update to resolve issues in Windows. For a complete listing of the issues that are included in this update, see the associated Microsoft Knowledge Base article for more information. After you install this item, you may have to restart your computer.","False"
"KB2862330","Security Update for Windows Server 2008 R2 x64 Edition (KB2862330)","A security issue has been identified in a Microsoft software product that could affect your system. You can help protect your system by installing this update from Microsoft. For a complete listing of the issues that are included in this update, see the associated Microsoft Knowledge Base article. After you install this update, you may have to restart your system.","False"
"KB2830477","Update for Windows Server 2008 R2 for x64-based Systems (KB2830477)","Install this update to resolve issues in Windows. For a complete listing of the issues that are included in this update, see the associated Microsoft Knowledge Base article for more information. After you install this item, you may have to restart your computer.","False"
"KB2843630","Update for Windows Server 2008 R2 x64 Edition (KB2843630)","Install this update to resolve issues in Windows. For a complete listing of the issues that are included in this update, see the associated Microsoft Knowledge Base article for more information. After you install this item, you may have to restart your computer.","False"
"KB2919469","Update for Windows Server 2008 R2 x64 Edition (KB2919469)","Install this update to resolve issues in Windows. For a complete listing of the issues that are included in this update, see the associated Microsoft Knowledge Base article for more information. After you install this item, you may have to restart your computer.","False"
"KB2908783","Update for Windows Server 2008 R2 x64 Edition (KB2908783)","Install this update to resolve issues in Windows. For a complete listing of the issues that are included in this update, see the associated Microsoft Knowledge Base article for more information. After you install this item, you may have to restart your computer.","False"
"KB2841134","Internet Explorer 11 for Windows Server 2008 R2 for x64-based Systems","Download the fast and fluid browser recommended for Windows 7.
          Internet Explorer 11. Fast and fluid for Windows 7.
          ? Fast.  Fast at loading sites and fluid as you navigate through them.
          ? Easy.  Seamless with Windows, it just works the way you want.
          ? Safer.  Better protection from threats and increased privacy online.","False"
"KB2852386","Update for Windows Server 2008 R2 x64 Edition (KB2852386)","Install this update to resolve issues in Windows. For a complete listing of the issues that are included in this update, see the associated Microsoft Knowledge Base article for more information. After you install this item, you may have to restart your computer.","False"
"KB2871997","Security Update for Windows Server 2008 R2 x64 Edition (KB2871997)","A security issue has been identified in a Microsoft software product that could affect your system. You can help protect your system by installing this update from Microsoft. For a complete listing of the issues that are included in this update, see the associated Microsoft Knowledge Base article. After you install this update, you may have to restart your system.","False"
"KB2800095","Update for Windows Server 2008 R2 x64 Edition (KB2800095)","Install this update to resolve issues in Windows. For a complete listing of the issues that are included in this update, see the associated Microsoft Knowledge Base article for more information. After you install this item, you may have to restart your computer.","False"
"KB2973351","Security Update for Windows Server 2008 R2 x64 Edition (KB2973351)","A security issue has been identified in a Microsoft software product that could affect your system. You can help protect your system by installing this update from Microsoft. For a complete listing of the issues that are included in this update, see the associated Microsoft Knowledge Base article. After you install this update, you may have to restart your system.","False"
"KB2966583","Update for Windows Server 2008 R2 x64 Edition (KB2966583)","Install this update to resolve issues in Windows. For a complete listing of the issues that are included in this update, see the associated Microsoft Knowledge Base article for more information. After you install this item, you may have to restart your computer.","False"
"KB2943357","Security Update for Microsoft .NET Framework 3.5.1 on Windows 7 and Windows Server 2008 R2 SP1 for x64-based Systems (KB2943357)","A security issue has been identified in a Microsoft software product that could affect your system. You can help protect your system by installing this update from Microsoft. For a complete listing of the issues that are included in this update, see the associated Microsoft Knowledge Base article. After you install this update, you may have to restart your system.","False"
"KB2894844","Security Update for Microsoft .NET Framework 3.5.1 on Windows 7 and Windows Server 2008 R2 SP1 for x64-based Systems (KB2894844)","A security issue has been identified in a Microsoft software product that could affect your system. You can help protect your system by installing this update from Microsoft. For a complete listing of the issues that are included in this update, see the associated Microsoft Knowledge Base article. After you install this update, you may have to restart your system.","False"
"KB2985461","Update for Windows Server 2008 R2 x64 Edition (KB2985461)","Install this update to resolve issues in Windows. For a complete listing of the issues that are included in this update, see the associated Microsoft Knowledge Base article for more information. After you install this item, you may have to restart your computer.","False"
"KB2968294","Security Update for Microsoft .NET Framework 3.5.1 on Windows 7 and Windows Server 2008 R2 SP1 for x64-based Systems (KB2968294)","A security issue has been identified in a Microsoft software product that could affect your system. You can help protect your system by installing this update from Microsoft. For a complete listing of the issues that are included in this update, see the associated Microsoft Knowledge Base article. After you install this update, you may have to restart your system.","False"
"KB2977292","Security Update for Windows Server 2008 R2 x64 Edition (KB2977292)","A security issue has been identified in a Microsoft software product that could affect your system. You can help protect your system by installing this update from Microsoft. For a complete listing of the issues that are included in this update, see the associated Microsoft Knowledge Base article. After you install this update, you may have to restart your system.","False"
"KB2984972","Security Update for Windows Server 2008 R2 x64 Edition (KB2984972)","A security issue has been identified in a Microsoft software product that could affect your system. You can help protect your system by installing this update from Microsoft. For a complete listing of the issues that are included in this update, see the associated Microsoft Knowledge Base article. After you install this update, you may have to restart your system.","False"
"KB2991963","Security Update for Windows Server 2008 R2 x64 Edition (KB2991963)","A security issue has been identified in a Microsoft software product that could affect your system. You can help protect your system by installing this update from Microsoft. For a complete listing of the issues that are included in this update, see the associated Microsoft Knowledge Base article. After you install this update, you may have to restart your system.","False"
"KB2992611","Security Update for Windows Server 2008 R2 x64 Edition (KB2992611)","A security issue has been identified in a Microsoft software product that could affect your system. You can help protect your system by installing this update from Microsoft. For a complete listing of the issues that are included in this update, see the associated Microsoft Knowledge Base article. After you install this update, you may have to restart your system.","False"
"KB2901983","Microsoft .NET Framework 4.5.2 for Windows Server 2008 R2 x64-based Systems (KB2901983)","The Microsoft .NET Framework 4.5.2 is a highly compatible, in-place update to the .NET Framework 4, 4.5 and 4.5.1. By using the .NET Framework 4.5.2 together with the C# or Visual Basic programming languages, you can write Windows Store apps. The .NET Framework 4.5.2 delivers better performance, reliability, and security than previous versions. After you install this update, you may have to restart your computer.","False"
"KB3019978","Security Update for Windows Server 2008 R2 x64 Edition (KB3019978)","A security issue has been identified in a Microsoft software product that could affect your system. You can help protect your system by installing this update from Microsoft. For a complete listing of the issues that are included in this update, see the associated Microsoft Knowledge Base article. After you install this update, you may have to restart your system.","False"
"KB3022777","Security Update for Windows Server 2008 R2 x64 Edition (KB3022777)","A security issue has been identified in a Microsoft software product that could affect your system. You can help protect your system by installing this update from Microsoft. For a complete listing of the issues that are included in this update, see the associated Microsoft Knowledge Base article. After you install this update, you may have to restart your system.","False"
"KB3021674","Security Update for Windows Server 2008 R2 x64 Edition (KB3021674)","A security issue has been identified in a Microsoft software product that could affect your system. You can help protect your system by installing this update from Microsoft. For a complete listing of the issues that are included in this update, see the associated Microsoft Knowledge Base article. After you install this update, you may have to restart your system.","False"
"KB3004375","Security Update for Windows Server 2008 R2 x64 Edition (KB3004375)","A security issue has been identified in a Microsoft software product that could affect your system. You can help protect your system by installing this update from Microsoft. For a complete listing of the issues that are included in this update, see the associated Microsoft Knowledge Base article. After you install this update, you may have to restart your system.","False"
"KB3004361","Security Update for Windows Server 2008 R2 x64 Edition (KB3004361)","A security issue has been identified in a Microsoft software product that could affect your system. You can help protect your system by installing this update from Microsoft. For a complete listing of the issues that are included in this update, see the associated Microsoft Knowledge Base article. After you install this update, you may have to restart your system.","False"
"KB3000483","Security Update for Windows Server 2008 R2 x64 Edition (KB3000483)","A security issue has been identified in a Microsoft software product that could affect your system. You can help protect your system by installing this update from Microsoft. For a complete listing of the issues that are included in this update, see the associated Microsoft Knowledge Base article. After you install this update, you may have to restart your system.","False"
"KB3006137","Update for Windows Server 2008 R2 x64 Edition (KB3006137)","Install this update to resolve issues in Windows. For a complete listing of the issues that are included in this update, see the associated Microsoft Knowledge Base article for more information. After you install this item, you may have to restart your computer.","False"
"KB3035132","Security Update for Windows Server 2008 R2 x64 Edition (KB3035132)","A security issue has been identified in a Microsoft software product that could affect your system. You can help protect your system by installing this update from Microsoft. For a complete listing of the issues that are included in this update, see the associated Microsoft Knowledge Base article. After you install this update, you may have to restart your system.","False"
"KB3030377","Security Update for Windows Server 2008 R2 x64 Edition (KB3030377)","A security issue has been identified in a Microsoft software product that could affect your system. You can help protect your system by installing this update from Microsoft. For a complete listing of the issues that are included in this update, see the associated Microsoft Knowledge Base article. After you install this update, you may have to restart your system.","False"
"KB3035126","Security Update for Windows Server 2008 R2 x64 Edition (KB3035126)","A security issue has been identified in a Microsoft software product that could affect your system. You can help protect your system by installing this update from Microsoft. For a complete listing of the issues that are included in this update, see the associated Microsoft Knowledge Base article. After you install this update, you may have to restart your system.","False"
"KB3046269","Security Update for Windows Server 2008 R2 x64 Edition (KB3046269)","A security issue has been identified in a Microsoft software product that could affect your system. You can help protect your system by installing this update from Microsoft. For a complete listing of the issues that are included in this update, see the associated Microsoft Knowledge Base article. After you install this update, you may have to restart your system.","False"
"KB3037574","Security Update for Microsoft .NET Framework 3.5.1 on Windows 7 and Windows Server 2008 R2 SP1 for x64-based Systems (KB3037574)","A security issue has been identified in a Microsoft software product that could affect your system. You can help protect your system by installing this update from Microsoft. For a complete listing of the issues that are included in this update, see the associated Microsoft Knowledge Base article. After you install this update, you may have to restart your system.","False"
"KB3020370","Update for Windows Server 2008 R2 x64 Edition (KB3020370)","Install this update to resolve issues in Windows. For a complete listing of the issues that are included in this update, see the associated Microsoft Knowledge Base article for more information. After you install this item, you may have to restart your computer.","False"
"KB3055642","Security Update for Windows Server 2008 R2 x64 Edition (KB3055642)","A security issue has been identified in a Microsoft software product that could affect your system. You can help protect your system by installing this update from Microsoft. For a complete listing of the issues that are included in this update, see the associated Microsoft Knowledge Base article. After you install this update, you may have to restart your system.","False"
"KB3023215","Security Update for Microsoft .NET Framework 3.5.1 on Windows 7 and Windows Server 2008 R2 SP1 for x64-based Systems (KB3023215)","A security issue has been identified in a Microsoft software product that could affect your system. You can help protect your system by installing this update from Microsoft. For a complete listing of the issues that are included in this update, see the associated Microsoft Knowledge Base article. After you install this update, you may have to restart your system.","False"
"KB3031432","Security Update for Windows Server 2008 R2 x64 Edition (KB3031432)","A security issue has been identified in a Microsoft software product that could affect your system. You can help protect your system by installing this update from Microsoft. For a complete listing of the issues that are included in this update, see the associated Microsoft Knowledge Base article. After you install this update, you may have to restart your system.","False"
"KB3054476","Update for Windows Server 2008 R2 x64 Edition (KB3054476)","Install this update to resolve issues in Windows. For a complete listing of the issues that are included in this update, see the associated Microsoft Knowledge Base article for more information. After you install this item, you may have to restart your computer.","False"
"KB3059317","Security Update for Windows Server 2008 R2 x64 Edition (KB3059317)","A security issue has been identified in a Microsoft software product that could affect your system. You can help protect your system by installing this update from Microsoft. For a complete listing of the issues that are included in this update, see the associated Microsoft Knowledge Base article. After you install this update, you may have to restart your system.","False"
"KB3068708","Update for Windows Server 2008 R2 x64 Edition (KB3068708)","Install this update to resolve issues in Windows. For a complete listing of the issues that are included in this update, see the associated Microsoft Knowledge Base article for more information. After you install this item, you may have to restart your computer.","False"
"KB3054205","Update for Windows Server 2008 R2 x64 Edition (KB3054205)","Install this update to resolve issues in Windows. For a complete listing of the issues that are included in this update, see the associated Microsoft Knowledge Base article for more information. After you install this item, you may have to restart your computer.","False"
"KB3068457","Security Update for Windows Server 2008 R2 x64 Edition (KB3068457)","A security issue has been identified in a Microsoft software product that could affect your system. You can help protect your system by installing this update from Microsoft. For a complete listing of the issues that are included in this update, see the associated Microsoft Knowledge Base article. After you install this update, you may have to restart your system.","False"
"KB3046017","Security Update for Windows Server 2008 R2 x64 Edition (KB3046017)","A security issue has been identified in a Microsoft software product that could affect your system. You can help protect your system by installing this update from Microsoft. For a complete listing of the issues that are included in this update, see the associated Microsoft Knowledge Base article. After you install this update, you may have to restart your system.","False"
"KB3060716","Security Update for Windows Server 2008 R2 x64 Edition (KB3060716)","A security issue has been identified in a Microsoft software product that could affect your system. You can help protect your system by installing this update from Microsoft. For a complete listing of the issues that are included in this update, see the associated Microsoft Knowledge Base article. After you install this update, you may have to restart your system.","False"
"KB3071756","Security Update for Windows Server 2008 R2 x64 Edition (KB3071756)","A security issue has been identified in a Microsoft software product that could affect your system. You can help protect your system by installing this update from Microsoft. For a complete listing of the issues that are included in this update, see the associated Microsoft Knowledge Base article. After you install this update, you may have to restart your system.","False"
"KB3075220","Security Update for Windows Server 2008 R2 x64 Edition (KB3075220)","A security issue has been identified in a Microsoft software product that could affect your system. You can help protect your system by installing this update from Microsoft. For a complete listing of the issues that are included in this update, see the associated Microsoft Knowledge Base article. After you install this update, you may have to restart your system.","False"
"KB3076895","Security Update for Windows Server 2008 R2 x64 Edition (KB3076895)","A security issue has been identified in a Microsoft software product that could affect your system. You can help protect your system by installing this update from Microsoft. For a complete listing of the issues that are included in this update, see the associated Microsoft Knowledge Base article. After you install this update, you may have to restart your system.","False"
"KB3078601","Security Update for Windows Server 2008 R2 x64 Edition (KB3078601)","A security issue has been identified in a Microsoft software product that could affect your system. You can help protect your system by installing this update from Microsoft. For a complete listing of the issues that are included in this update, see the associated Microsoft Knowledge Base article. After you install this update, you may have to restart your system.","False"
"KB3084135","Security Update for Windows Server 2008 R2 x64 Edition (KB3084135)","A security issue has been identified in a Microsoft software product that could affect your system. You can help protect your system by installing this update from Microsoft. For a complete listing of the issues that are included in this update, see the associated Microsoft Knowledge Base article. After you install this update, you may have to restart your system.","False"
"KB3092627","Update for Windows Server 2008 R2 x64 Edition (KB3092627)","Install this update to resolve issues in Windows. For a complete listing of the issues that are included in this update, see the associated Microsoft Knowledge Base article for more information. After you install this item, you may have to restart your computer.","False"
"KB3074543","Security Update for Microsoft .NET Framework 3.5.1 on Windows 7 and Windows Server 2008 R2 SP1 for x64-based Systems (KB3074543)","A security issue has been identified in a Microsoft software product that could affect your system. You can help protect your system by installing this update from Microsoft. For a complete listing of the issues that are included in this update, see the associated Microsoft Knowledge Base article. After you install this update, you may have to restart your system.","False"
"KB3078667","Update for Windows Server 2008 R2 x64 Edition (KB3078667)","Install this update to resolve issues in Windows. For a complete listing of the issues that are included in this update, see the associated Microsoft Knowledge Base article for more information. After you install this item, you may have to restart your computer.","False"
"KB3080149","Update for Windows Server 2008 R2 x64 Edition (KB3080149)","Install this update to resolve issues in Windows. For a complete listing of the issues that are included in this update, see the associated Microsoft Knowledge Base article for more information. After you install this item, you may have to restart your computer.","False"
"KB3086255","Security Update for Windows Server 2008 R2 x64 Edition (KB3086255)","A security issue has been identified in a Microsoft software product that could affect your system. You can help protect your system by installing this update from Microsoft. For a complete listing of the issues that are included in this update, see the associated Microsoft Knowledge Base article. After you install this update, you may have to restart your system.","False"
"KB3072305","Security Update for Microsoft .NET Framework 3.5.1 on Windows 7 SP1 and Windows Server 2008 R2 SP1 for x64 (KB3072305)","A security issue has been identified in a Microsoft software product that could affect your system. You can help protect your system by installing this update from Microsoft. For a complete listing of the issues that are included in this update, see the associated Microsoft Knowledge Base article. After you install this update, you may have to restart your system.","False"
"KB3080079","Update for Windows Server 2008 R2 x64 Edition (KB3080079)","Install this update to resolve issues in Windows. For a complete listing of the issues that are included in this update, see the associated Microsoft Knowledge Base article for more information. After you install this item, you may have to restart your computer.","False"
"KB3107998","Update for Windows Server 2008 R2 x64 Edition (KB3107998)","Install this update to resolve issues in Windows. For a complete listing of the issues that are included in this update, see the associated Microsoft Knowledge Base article for more information. After you install this item, you may have to restart your computer.","False"
"KB3101722","Security Update for Windows Server 2008 R2 x64 Edition (KB3101722)","A security issue has been identified in a Microsoft software product that could affect your system. You can help protect your system by installing this update from Microsoft. For a complete listing of the issues that are included in this update, see the associated Microsoft Knowledge Base article. After you install this update, you may have to restart your system.","False"
"KB3092601","Security Update for Windows Server 2008 R2 x64 Edition (KB3092601)","A security issue has been identified in a Microsoft software product that could affect your system. You can help protect your system by installing this update from Microsoft. For a complete listing of the issues that are included in this update, see the associated Microsoft Knowledge Base article. After you install this update, you may have to restart your system.","False"
"KB3097989","Security Update for Microsoft .NET Framework 3.5.1 on Windows 7 and Windows Server 2008 R2 SP1 for x64-based Systems (KB3097989)","A security issue has been identified in a Microsoft software product that could affect your system. You can help protect your system by installing this update from Microsoft. For a complete listing of the issues that are included in this update, see the associated Microsoft Knowledge Base article. After you install this update, you may have to restart your system.","False"
"KB3108381","Security Update for Windows Server 2008 R2 x64 Edition (KB3108381)","A security issue has been identified in a Microsoft software product that could affect your system. You can help protect your system by installing this update from Microsoft. For a complete listing of the issues that are included in this update, see the associated Microsoft Knowledge Base article. After you install this update, you may have to restart your system.","False"
"KB3109103","Security Update for Windows Server 2008 R2 x64 Edition (KB3109103)","A security issue has been identified in a Microsoft software product that could affect your system. You can help protect your system by installing this update from Microsoft. For a complete listing of the issues that are included in this update, see the associated Microsoft Knowledge Base article. After you install this update, you may have to restart your system.","False"
"KB3108371","Security Update for Windows Server 2008 R2 x64 Edition (KB3108371)","A security issue has been identified in a Microsoft software product that could affect your system. You can help protect your system by installing this update from Microsoft. For a complete listing of the issues that are included in this update, see the associated Microsoft Knowledge Base article. After you install this update, you may have to restart your system.","False"
"KB3108664","Security Update for Windows Server 2008 R2 x64 Edition (KB3108664)","A security issue has been identified in a Microsoft software product that could affect your system. You can help protect your system by installing this update from Microsoft. For a complete listing of the issues that are included in this update, see the associated Microsoft Knowledge Base article. After you install this update, you may have to restart your system.","False"
"KB3109560","Security Update for Windows Server 2008 R2 x64 Edition (KB3109560)","A security issue has been identified in a Microsoft software product that could affect your system. You can help protect your system by installing this update from Microsoft. For a complete listing of the issues that are included in this update, see the associated Microsoft Knowledge Base article. After you install this update, you may have to restart your system.","False"
"KB3110329","Security Update for Windows Server 2008 R2 x64 Edition (KB3110329)","A security issue has been identified in a Microsoft software product that could affect your system. You can help protect your system by installing this update from Microsoft. For a complete listing of the issues that are included in this update, see the associated Microsoft Knowledge Base article. After you install this update, you may have to restart your system.","False"
"KB3124275","Cumulative Security Update for Internet Explorer 8 for Windows Server 2008 R2 x64 Edition (KB3124275)","A security issue has been identified in a Microsoft software product that could affect your system. You can help protect your system by installing this update from Microsoft. For a complete listing of the issues that are included in this update, see the associated Microsoft Knowledge Base article. After you install this update, you may have to restart your system.","False"
"KB3102429","Update for Windows Server 2008 R2 x64 Edition (KB3102429)","Install this update to resolve issues in Windows. For a complete listing of the issues that are included in this update, see the associated Microsoft Knowledge Base article for more information. After you install this item, you may have to restart your computer.","False"
"KB3133043","Security Update for Windows Server 2008 R2 x64 Edition (KB3133043)","A security issue has been identified in a Microsoft software product that could affect your system. You can help protect your system by installing this update from Microsoft. For a complete listing of the issues that are included in this update, see the associated Microsoft Knowledge Base article. After you install this update, you may have to restart your system.","False"
"KB3122648","Security Update for Microsoft .NET Framework 3.5.1 on Windows 7 and Windows Server 2008 R2 SP1 for x64 (KB3122648)","A security issue has been identified in a Microsoft software product that could affect your system. You can help protect your system by installing this update from Microsoft. For a complete listing of the issues that are included in this update, see the associated Microsoft Knowledge Base article. After you install this update, you may have to restart your system.","False"
"KB3126587","Security Update for Windows Server 2008 R2 x64 Edition (KB3126587)","A security issue has been identified in a Microsoft software product that could affect your system. You can help protect your system by installing this update from Microsoft. For a complete listing of the issues that are included in this update, see the associated Microsoft Knowledge Base article. After you install this update, you may have to restart your system.","False"
"KB3127220","Security Update for Microsoft .NET Framework 3.5.1 on Windows 7 and Windows Server 2008 R2 SP1 for x64 (KB3127220)","A security issue has been identified in a Microsoft software product that could affect your system. You can help protect your system by installing this update from Microsoft. For a complete listing of the issues that are included in this update, see the associated Microsoft Knowledge Base article. After you install this update, you may have to restart your system.","False"
"KB3139914","Security Update for Windows Server 2008 R2 x64 Edition (KB3139914)","A security issue has been identified in a Microsoft software product that could affect your system. You can help protect your system by installing this update from Microsoft. For a complete listing of the issues that are included in this update, see the associated Microsoft Knowledge Base article. After you install this update, you may have to restart your system.","False"
"KB3138612","Update for Windows Server 2008 R2 x64 Edition (KB3138612)","Install this update to resolve issues in Windows. For a complete listing of the issues that are included in this update, see the associated Microsoft Knowledge Base article for more information. After you install this item, you may have to restart your computer.","False"
"KB3147071","Update for Windows Server 2008 R2 x64 Edition (KB3147071)","Install this update to resolve issues in Windows. For a complete listing of the issues that are included in this update, see the associated Microsoft Knowledge Base article for more information. After you install this item, you may have to restart your computer.","False"
"KB3137061","Update for Windows Server 2008 R2 x64 Edition (KB3137061)","Install this update to resolve issues in Windows. For a complete listing of the issues that are included in this update, see the associated Microsoft Knowledge Base article for more information. After you install this item, you may have to restart your computer.","False"
"KB3133977","Update for Windows Server 2008 R2 x64 Edition (KB3133977)","Install this update to resolve issues in Windows. For a complete listing of the issues that are included in this update, see the associated Microsoft Knowledge Base article for more information. After you install this item, you may have to restart your computer.","False"
"KB3156016","Security Update for Windows Server 2008 R2 x64 Edition (KB3156016)","A security issue has been identified in a Microsoft software product that could affect your system. You can help protect your system by installing this update from Microsoft. For a complete listing of the issues that are included in this update, see the associated Microsoft Knowledge Base article. After you install this update, you may have to restart your system.","False"
"KB3156019","Security Update for Windows Server 2008 R2 x64 Edition (KB3156019)","A security issue has been identified in a Microsoft software product that could affect your system. You can help protect your system by installing this update from Microsoft. For a complete listing of the issues that are included in this update, see the associated Microsoft Knowledge Base article. After you install this update, you may have to restart your system.","False"
"KB3140245","Update for Windows Server 2008 R2 x64 Edition (KB3140245)","Install this update to resolve issues in Windows. For a complete listing of the issues that are included in this update, see the associated Microsoft Knowledge Base article for more information. After you install this item, you may have to restart your computer.","False"
"KB3159398","Security Update for Windows Server 2008 R2 x64 Edition (KB3159398)","A security issue has been identified in a Microsoft software product that could affect your system. You can help protect your system by installing this update from Microsoft. For a complete listing of the issues that are included in this update, see the associated Microsoft Knowledge Base article. After you install this update, you may have to restart your system.","False"
"KB3161949","Security Update for Windows Server 2008 R2 x64 Edition (KB3161949)","A security issue has been identified in a Microsoft software product that could affect your system. You can help protect your system by installing this update from Microsoft. For a complete listing of the issues that are included in this update, see the associated Microsoft Knowledge Base article. After you install this update, you may have to restart your system.","False"
"KB3161958","Security Update for Windows Server 2008 R2 x64 Edition (KB3161958)","A security issue has been identified in a Microsoft software product that could affect your system. You can help protect your system by installing this update from Microsoft. For a complete listing of the issues that are included in this update, see the associated Microsoft Knowledge Base article. After you install this update, you may have to restart your system.","False"
"KB3170455","Security Update for Windows Server 2008 R2 x64 Edition (KB3170455)","A security issue has been identified in a Microsoft software product that could affect your system. You can help protect your system by installing this update from Microsoft. For a complete listing of the issues that are included in this update, see the associated Microsoft Knowledge Base article. After you install this update, you may have to restart your system.","False"
"KB3179573","Update for Windows Server 2008 R2 x64 Edition (KB3179573)","Install this update to resolve issues in Windows. For a complete listing of the issues that are included in this update, see the associated Microsoft Knowledge Base article for more information. After you install this item, you may have to restart your computer.","False"
"KB3177467","Update for Windows Server 2008 R2 x64 Edition (KB3177467)","Install this update to resolve issues in Windows. For a complete listing of the issues that are included in this update, see the associated Microsoft Knowledge Base article for more information. After you install this item, you may have to restart your computer.","False"
"KB4019112","May, 2017 Security and Quality Rollup for .NET Framework 3.5.1, 4.5.2, 4.6, 4.6.1, 4.6.2 on Windows 7 and Server 2008 R2 for x64 (KB4019112)","A security issue has been identified in a Microsoft software product that could affect your system. You can help protect your system by installing this update from Microsoft. For a complete listing of the issues that are included in this update, see the associated Microsoft Knowledge Base article. After you install this update, you may have to restart your system.","False"
"KB4023307","Microsoft Silverlight (KB4023307)","Microsoft Silverlight is a Web browser plug-in for Windows and Mac OS X that delivers high quality video/audio, animation, and richer Website experiences in popular Web browsers.","False"
"KB4032113","July, 2017 Preview of Quality Rollup for .NET Framework 3.5.1, 4.5.2, 4.6, 4.6.1, 4.6.2, 4.7 on Windows 7 and Server 2008 R2 for x64 (KB4032113)","Install this update to resolve issues in Windows. For a complete listing of the issues that are included in this update, see the associated Microsoft Knowledge Base article for more information. After you install this item, you may have to restart your computer.","False"
"KB890830","Windows Malicious Software Removal Tool x64 - August 2017 (KB890830)","After the download, this tool runs one time to check your computer for infection by specific, prevalent malicious software (including Blaster, Sasser, and Mydoom) and helps remove any infection that is found. If an infection is found, the tool will display a status report the next time that you start your computer. A new version of the tool will be offered every month. If you want to manually run the tool on your computer, you can download a copy from the Microsoft Download Center, or you can run an online version from microsoft.com. This tool is not a replacement for an antivirus product. To help protect your computer, you should use an antivirus product.","False"
"KB4034664","2017-08 Security Monthly Quality Rollup for Windows Server 2008 R2 for x64-based Systems (KB4034664)","A security issue has been identified in a Microsoft software product that could affect your system. You can help protect your system by installing this update from Microsoft. For a complete listing of the issues that are included in this update, see the associated Microsoft Knowledge Base article. After you install this update, you may have to restart your system.","False"
